collected_at_utc,account,post_id,type,family,format,media_type,ig_post_id,permalink,scheduled_time_ist,posted_at_utc,posted_at_ist,posted_hour_ist,slot_delay_min,hours_since_post,status,reach,views,likes,comments,saved,shares,total_interactions,interactions_per_reach,like_count,comments_count,ig_reels_avg_watch_time,ig_reels_video_view_total_time,reels_skip_rate,follows,profile_visits,error,extra_error
2026-09-18T08:24:27Z,anime_ekaya,2026-08-30-fan-vote-01,fan-vote,fan-vote,FEED,CAROUSEL_ALBUM,18244592608309261,https://www.instagram.com/p/Dcq6yzYFGZJ/,2026-08-30T13:00:00+05:30,2026-08-30T16:15:44+00:00,2026-08-30T21:45:44+05:30,21:45,526,448.1,ok,2,8,1,0,0,0,1,0.5,1,0,,,,0,0,,
2026-09-18T08:24:27Z,anime_ekaya,2026-08-30-mood-match-01,mood-match,mood-match,FEED,CAROUSEL_ALBUM,18431779219180382,https://www.instagram.com/p/Dcq62M6FPf0/,2026-08-30T19:30:00+05:30,2026-08-30T16:16:12+00:00,2026-08-30T21:46:12+05:30,21:46,136,448.1,ok,2,5,2,0,0,0,2,1.0,2,0,,,,0,0,,
2026-09-18T08:24:27Z,anime_ekaya,2026-08-30-signs-diagnostic-01,reel-diagnostic,diagnostic,REELS,VIDEO,17956457808011494,https://www.instagram.com/reel/Dcq63rKCerA/,2026-08-30T20:00:00+05:30,2026-08-30T16:16:31+00:00,2026-08-30T21:46:31+05:30,21:46,107,448.1,ok,39,45,1,0,0,0,1,0.0256,1,0,3570,146403,76.3,,,,
2026-09-18T08:24:27Z,anime_ekaya,2026-08-30-gateway-01,gateway-guide,gateway-guide,FEED,CAROUSEL_ALBUM,17964661634965818,https://www.instagram.com/p/DcrKUGDIJ6r/,2026-08-30T22:30:00+05:30,2026-08-30T18:31:23+00:00,2026-08-31T00:01:23+05:30,00:01,91,445.9,ok,2,5,1,0,0,0,1,0.5,1,0,,,,0,0,,
2026-09-18T08:24:27Z,anime_ekaya,2026-08-31-cant-pick-at-1am,reel-mood-match,mood-match,REELS,VIDEO,18087460940222890,https://www.instagram.com/reel/DcwGP5egSHR/,2026-09-01T19:30:00+05:30,2026-09-01T16:32:16+00:00,2026-09-01T22:02:16+05:30,22:02,152,399.9,ok,117,128,0,0,0,0,0,0.0,0,0,2093,257501,88.2,,,,
2026-09-18T08:24:27Z,anime_ekaya,2026-09-01-thriller-gateway,gateway-guide,gateway-guide,FEED,CAROUSEL_ALBUM,18001037711793230,https://www.instagram.com/p/DcwGXMvAF1z/,2026-09-01T13:00:00+05:30,2026-09-01T16:33:05+00:00,2026-09-01T22:03:05+05:30,22:03,543,399.9,ok,2,4,0,0,0,0,0,0.0,0,0,,,,0,0,,
2026-09-18T08:24:27Z,anime_ekaya,2026-09-01-hot-take-dubs,hot-take,hot-take,FEED,CAROUSEL_ALBUM,18101831324206955,https://www.instagram.com/p/DcwLNcrG_0i/,2026-09-01T22:30:00+05:30,2026-09-01T17:15:20+00:00,2026-09-01T22:45:20+05:30,22:45,15,399.2,ok,2,5,1,0,0,0,1,0.5,1,0,,,,0,0,,
2026-09-18T08:24:27Z,anime_ekaya,2026-09-01-spoiler-gauntlet,reel-relatable-action,relatable-action,REELS,VIDEO,17900020671575729,https://www.instagram.com/reel/DcyzfhWgbOZ/,2026-09-02T19:30:00+05:30,2026-09-02T17:46:12+00:00,2026-09-02T23:16:12+05:30,23:16,226,374.6,ok,78,86,2,0,0,0,2,0.0256,2,0,3415,290329,75.9,,,,
2026-09-18T08:24:27Z,anime_ekaya,2026-09-02-brain-off-comedies,mood-match,mood-match,FEED,CAROUSEL_ALBUM,18145753123564693,https://www.instagram.com/p/Dc1X1u_oCRH/,2026-09-02T13:00:00+05:30,2026-09-03T17:41:58+00:00,2026-09-03T23:11:58+05:30,23:11,2052,350.7,ok,2,7,2,0,0,0,2,1.0,2,0,,,,0,0,,
2026-09-18T08:24:27Z,anime_ekaya,2026-09-02-movie-night-gateway,gateway-guide,gateway-guide,FEED,CAROUSEL_ALBUM,18027595094681896,https://www.instagram.com/p/Dc1X6WuIAe2/,2026-09-02T22:30:00+05:30,2026-09-03T17:42:36+00:00,2026-09-03T23:12:36+05:30,23:12,1483,350.7,ok,2,7,1,0,0,0,1,0.5,1,0,,,,0,0,,
2026-09-18T08:24:27Z,anime_ekaya,2026-09-02-pick-your-door,reel-gateway,gateway,REELS,VIDEO,18110345345030190,https://www.instagram.com/reel/Dc1X-qAiGZK/,2026-09-03T19:30:00+05:30,2026-09-03T17:43:29+00:00,2026-09-03T23:13:29+05:30,23:13,223,350.7,ok,78,93,3,0,0,0,3,0.0385,3,0,4966,417156,73.2,,,,
2026-09-18T08:24:27Z,anime_ekaya,2026-09-03-anime-friend-signs,diagnostic,diagnostic,FEED,CAROUSEL_ALBUM,18622742695008195,https://www.instagram.com/p/Dc1YFn0IC5n/,2026-09-03T22:30:00+05:30,2026-09-03T17:44:07+00:00,2026-09-03T23:14:07+05:30,23:14,44,350.7,ok,3,5,1,0,0,0,1,0.3333,1,0,,,,0,0,,
2026-09-18T08:24:27Z,anime_ekaya,2026-09-03-hype-boost-picks,mood-match,mood-match,FEED,CAROUSEL_ALBUM,18105498224611049,https://www.instagram.com/p/Dc1YKQHIFLQ/,2026-09-03T13:00:00+05:30,2026-09-03T17:44:47+00:00,2026-09-03T23:14:47+05:30,23:14,615,350.7,ok,3,5,2,0,0,0,2,0.6667,2,0,,,,0,0,,
2026-09-18T08:24:27Z,anime_ekaya,2026-09-04-backlog-weekend,reel-mood-match,mood-match,REELS,VIDEO,18109021409177321,https://www.instagram.com/reel/Dc37M-HjaAS/,2026-09-04T19:30:00+05:30,2026-09-04T17:29:42+00:00,2026-09-04T22:59:42+05:30,22:59,210,326.9,ok,61,68,2,0,0,0,2,0.0328,2,0,5180,341884,66.7,,,,
2026-09-18T08:24:27Z,anime_ekaya,2026-09-04-hot-take-drop-it,hot-take,hot-take,FEED,CAROUSEL_ALBUM,18104072732219176,https://www.instagram.com/p/Dc37SZ0nPlx/,2026-09-04T22:30:00+05:30,2026-09-04T17:30:14+00:00,2026-09-04T23:00:14+05:30,23:00,30,326.9,ok,3,3,2,0,0,0,2,0.6667,2,0,,,,0,0,,
2026-09-18T08:24:27Z,anime_ekaya,2026-09-04-fall-radar-01,seasonal-preview,seasonal-preview,FEED,CAROUSEL_ALBUM,18442907089127740,https://www.instagram.com/p/Dc5ul-UG7X0/,2026-09-05T13:00:00+05:30,2026-09-05T10:17:46+00:00,2026-09-05T15:47:46+05:30,15:47,168,310.1,ok,3,5,2,0,0,0,2,0.6667,2,0,,,,0,0,,
2026-09-18T08:24:27Z,anime_ekaya,2026-09-04-show-converter,reel-gateway-guide,gateway-guide,REELS,VIDEO,17984525616064650,https://www.instagram.com/reel/Dc6aX9ckVLB/,2026-09-05T21:00:00+05:30,2026-09-05T16:40:38+00:00,2026-09-05T22:10:38+05:30,22:10,71,303.7,ok,937,1128,14,0,2,5,21,0.0224,14,0,53049,50874470,43.6,,,,
2026-09-18T08:24:27Z,anime_ekaya,2026-09-05-cry-on-purpose,reel-mood-match,mood-match,REELS,VIDEO,18096770660074610,https://www.instagram.com/reel/Dc8HSGfD-oT/,2026-09-05T19:30:00+05:30,2026-09-06T08:32:17+00:00,2026-09-06T14:02:17+05:30,14:02,1112,287.9,ok,238,262,3,0,0,0,3,0.0126,3,0,4476,1096696,63.9,,,,
2026-09-18T08:24:27Z,anime_ekaya,2026-09-06-guess-the-anime,reel-diagnostic,diagnostic,REELS,VIDEO,18115089598923666,https://www.instagram.com/reel/DdFEgPGiuX4/,2026-09-06T19:30:00+05:30,2026-09-09T20:01:13+00:00,2026-09-10T01:31:13+05:30,01:31,4681,204.4,ok,98,102,1,0,0,0,1,0.0102,1,0,4916,472023,71.6,,,,
2026-09-18T08:24:27Z,anime_ekaya,2026-09-06-pause-it,reel-relatable-action,relatable-action,REELS,VIDEO,18621853771033471,https://www.instagram.com/reel/DdFEkeakylc/,2026-09-06T10:00:00+05:30,2026-09-09T20:01:42+00:00,2026-09-10T01:31:42+05:30,01:31,5252,204.4,ok,77,83,1,0,0,0,1,0.013,1,0,2192,173244,90.8,,,,
2026-09-18T08:24:27Z,anime_ekaya,2026-09-14-anime-night-picker,gateway-guide,gateway-guide,FEED,CAROUSEL_ALBUM,17898935253596998,https://www.instagram.com/p/DdSIhAGiVLl/,2026-09-14T22:39:00+05:30,2026-09-14T21:46:02+00:00,2026-09-15T03:16:02+05:30,03:16,277,82.6,ok,1,3,1,0,0,0,1,1.0,1,0,,,,0,0,,
2026-09-18T08:24:27Z,anime_ekaya,2026-09-14-group-chat-veto,reel-relatable-action,relatable-action,REELS,VIDEO,17983993476115249,https://www.instagram.com/reel/DdSIilGDHqD/,2026-09-14T20:38:00+05:30,2026-09-14T21:46:23+00:00,2026-09-15T03:16:23+05:30,03:16,398,82.6,ok,87,109,1,0,0,0,1,0.0115,1,0,3400,312859,69.6,,,,
2026-09-18T08:24:27Z,anime_ekaya,2026-09-14-subtitle-speedrun,reel-relatable-action,relatable-action,REELS,VIDEO,18105025642949092,https://www.instagram.com/reel/DdSIlXniqVi/,2026-09-14T13:12:00+05:30,2026-09-14T21:46:59+00:00,2026-09-15T03:16:59+05:30,03:16,845,82.6,ok,120,141,1,0,0,0,1,0.0083,1,0,2200,270670,86.8,,,,
2026-09-18T08:24:27Z,hype_tingles,2026-08-30-animal-panel-ep01,animal-panel,animal-panel,FEED,,17956539249209063,,2026-08-30T20:30:00+05:30,2026-08-30T16:15:52+00:00,2026-08-30T21:45:52+05:30,21:45,76,448.1,missing,,,,,,,,,,,,,,,,"IGApiException code=100 subcode=33: Unsupported get request. Object with ID '17956539249209063' does not exist, cannot be loaded due to missing permissions, or does not support this operation",
2026-09-18T08:24:27Z,hype_tingles,2026-08-30-animal-reviews-01,one-star-files,one-star-files,FEED,,18482454190105167,,2026-08-30T11:30:00+05:30,2026-08-30T16:16:28+00:00,2026-08-30T21:46:28+05:30,21:46,616,448.1,missing,,,,,,,,,,,,,,,,"IGApiException code=100 subcode=33: Unsupported get request. Object with ID '18482454190105167' does not exist, cannot be loaded due to missing permissions, or does not support this operation",
2026-09-18T08:24:27Z,hype_tingles,2026-08-30-breaking-snooze-01,reel-breaking-news,breaking-news,REELS,,18086780813210441,,2026-08-30T20:30:00+05:30,2026-08-30T16:16:56+00:00,2026-08-30T21:46:56+05:30,21:46,77,448.1,missing,,,,,,,,,,,,,,,,"IGApiException code=100 subcode=33: Unsupported get request. Object with ID '18086780813210441' does not exist, cannot be loaded due to missing permissions, or does not support this operation",
2026-09-18T08:24:27Z,hype_tingles,2026-08-30-pigeon-confidence-01,masterclass,masterclass,FEED,,18128469745683247,,2026-08-30T16:30:00+05:30,2026-08-30T16:17:33+00:00,2026-08-30T21:47:33+05:30,21:47,318,448.1,missing,,,,,,,,,,,,,,,,"IGApiException code=100 subcode=33: Unsupported get request. Object with ID '18128469745683247' does not exist, cannot be loaded due to missing permissions, or does not support this operation",
2026-09-18T08:24:27Z,hype_tingles,2026-08-31-operation-monday-story,reel-story-groupchat,story-groupchat,REELS,,18067939148742411,,2026-08-31T20:30:00+05:30,2026-08-31T17:19:55+00:00,2026-08-31T22:49:55+05:30,22:49,140,423.1,missing,,,,,,,,,,,,,,,,"IGApiException code=100 subcode=33: Unsupported get request. Object with ID '18067939148742411' does not exist, cannot be loaded due to missing permissions, or does not support this operation",
2026-09-18T08:24:27Z,hype_tingles,2026-08-31-morning-routine-judged,reel-judged-routine,judged-routine,REELS,,18330690460272793,,2026-09-01T20:00:00+05:30,2026-09-01T16:31:34+00:00,2026-09-01T22:01:34+05:30,22:01,122,399.9,missing,,,,,,,,,,,,,,,,"IGApiException code=100 subcode=33: Unsupported get request. Object with ID '18330690460272793' does not exist, cannot be loaded due to missing permissions, or does not support this operation",
2026-09-18T08:24:27Z,hype_tingles,2026-09-01-dating-app-reviews,carousel-one-star-files,one-star-files,FEED,,18065868062750266,,2026-09-01T08:00:00+05:30,2026-09-01T16:32:11+00:00,2026-09-01T22:02:11+05:30,22:02,842,399.9,missing,,,,,,,,,,,,,,,,"IGApiException code=100 subcode=33: Unsupported get request. Object with ID '18065868062750266' does not exist, cannot be loaded due to missing permissions, or does not support this operation",
2026-09-18T08:24:27Z,hype_tingles,2026-09-01-raccoon-deals-masterclass,carousel-masterclass,masterclass,FEED,,18094021070187647,,2026-09-01T13:00:00+05:30,2026-09-01T16:32:51+00:00,2026-09-01T22:02:51+05:30,22:02,543,399.9,missing,,,,,,,,,,,,,,,,"IGApiException code=100 subcode=33: Unsupported get request. Object with ID '18094021070187647' does not exist, cannot be loaded due to missing permissions, or does not support this operation",
2026-09-18T08:24:27Z,hype_tingles,2026-09-01-one-more-episode,reel-pov-night,pov-night,REELS,,17981931866892386,,2026-09-02T20:00:00+05:30,2026-09-02T14:49:48+00:00,2026-09-02T20:19:48+05:30,20:19,20,377.6,missing,,,,,,,,,,,,,,,,"IGApiException code=100 subcode=33: Unsupported get request. Object with ID '17981931866892386' does not exist, cannot be loaded due to missing permissions, or does not support this operation",
2026-09-18T08:24:27Z,hype_tingles,2026-09-02-family-group-reviews,carousel-one-star-files,one-star-files,FEED,,18019458440714261,,2026-09-02T08:00:00+05:30,2026-09-03T19:30:45+00:00,2026-09-04T01:00:45+05:30,01:00,2461,348.9,missing,,,,,,,,,,,,,,,,"IGApiException code=100 subcode=33: Unsupported get request. Object with ID '18019458440714261' does not exist, cannot be loaded due to missing permissions, or does not support this operation",
2026-09-18T08:24:27Z,hype_tingles,2026-09-02-goldfish-birthday-masterclass,carousel-masterclass,masterclass,FEED,,18136565332720066,,2026-09-02T13:00:00+05:30,2026-09-03T19:31:16+00:00,2026-09-04T01:01:16+05:30,01:01,2161,348.9,missing,,,,,,,,,,,,,,,,"IGApiException code=100 subcode=33: Unsupported get request. Object with ID '18136565332720066' does not exist, cannot be loaded due to missing permissions, or does not support this operation",
2026-09-18T08:24:27Z,hype_tingles,2026-09-02-meeting-email,reel-breaking-news,breaking-news,REELS,,18334587514261605,,2026-09-03T20:00:00+05:30,2026-09-03T19:31:47+00:00,2026-09-04T01:01:47+05:30,01:01,302,348.9,missing,,,,,,,,,,,,,,,,"IGApiException code=100 subcode=33: Unsupported get request. Object with ID '18334587514261605' does not exist, cannot be loaded due to missing permissions, or does not support this operation",
2026-09-18T08:24:27Z,hype_tingles,2026-09-03-diet-reviews,carousel-one-star-files,one-star-files,FEED,,18007293257976276,,2026-09-03T08:00:00+05:30,2026-09-03T19:32:18+00:00,2026-09-04T01:02:18+05:30,01:02,1022,348.9,missing,,,,,,,,,,,,,,,,"IGApiException code=100 subcode=33: Unsupported get request. Object with ID '18007293257976276' does not exist, cannot be loaded due to missing permissions, or does not support this operation",
2026-09-18T08:24:27Z,hype_tingles,2026-09-03-owl-smart-masterclass,carousel-masterclass,masterclass,FEED,,17915741451449217,,2026-09-03T13:00:00+05:30,2026-09-03T19:32:52+00:00,2026-09-04T01:02:52+05:30,01:02,723,348.9,missing,,,,,,,,,,,,,,,,"IGApiException code=100 subcode=33: Unsupported get request. Object with ID '17915741451449217' does not exist, cannot be loaded due to missing permissions, or does not support this operation",
2026-09-18T08:24:27Z,hype_tingles,2026-09-04-animal-panel-ep02,carousel-panel,panel,FEED,,17930166453147714,,2026-09-04T08:00:00+05:30,2026-09-04T05:15:54+00:00,2026-09-04T10:45:54+05:30,10:45,166,339.1,missing,,,,,,,,,,,,,,,,"IGApiException code=100 subcode=33: Unsupported get request. Object with ID '17930166453147714' does not exist, cannot be loaded due to missing permissions, or does not support this operation",
2026-09-18T08:24:27Z,hype_tingles,2026-09-04-pre-coffee-alert,reel-pov,pov,REELS,,18111179000135302,,2026-09-04T20:00:00+05:30,2026-09-04T14:38:10+00:00,2026-09-04T20:08:10+05:30,20:08,8,329.8,missing,,,,,,,,,,,,,,,,"IGApiException code=100 subcode=33: Unsupported get request. Object with ID '18111179000135302' does not exist, cannot be loaded due to missing permissions, or does not support this operation",
2026-09-18T08:24:27Z,hype_tingles,2026-09-04-salary-day-breaking,reel-breaking-news,breaking-news,REELS,,18134747032624149,,2026-09-04T16:00:00+05:30,2026-09-05T05:05:50+00:00,2026-09-05T10:35:50+05:30,10:35,1116,315.3,missing,,,,,,,,,,,,,,,,"IGApiException code=100 subcode=33: Unsupported get request. Object with ID '18134747032624149' does not exist, cannot be loaded due to missing permissions, or does not support this operation",
2026-09-18T08:24:27Z,hype_tingles,2026-09-04-drop-day-reviews,carousel-one-star-files,one-star-files,FEED,,18126352237765139,,2026-09-05T11:30:00+05:30,2026-09-05T13:07:33+00:00,2026-09-05T18:37:33+05:30,18:37,428,307.3,missing,,,,,,,,,,,,,,,,"IGApiException code=100 subcode=33: Unsupported get request. Object with ID '18126352237765139' does not exist, cannot be loaded due to missing permissions, or does not support this operation",
2026-09-18T08:24:27Z,hype_tingles,2026-09-05-hold-and-judge-left-on-seen,reel-hold-and-judge,hold-and-judge,REELS,,18093998033389264,,2026-09-05T16:30:00+05:30,2026-09-06T09:56:13+00:00,2026-09-06T15:26:13+05:30,15:26,1376,286.5,missing,,,,,,,,,,,,,,,,"IGApiException code=100 subcode=33: Unsupported get request. Object with ID '18093998033389264' does not exist, cannot be loaded due to missing permissions, or does not support this operation",
2026-09-18T08:24:27Z,hype_tingles,2026-09-10-elevator-small-talk,pov-elevator,pov-elevator,REELS,,18102645332621189,,2026-09-10T01:55:00+05:30,2026-09-09T20:25:43+00:00,2026-09-10T01:55:43+05:30,01:55,1,204.0,missing,,,,,,,,,,,,,,,,"IGApiException code=100 subcode=33: Unsupported get request. Object with ID '18102645332621189' does not exist, cannot be loaded due to missing permissions, or does not support this operation",
2026-09-18T08:24:27Z,hype_tingles,2026-09-12-roommate-reviews,carousel-one-star-files,one-star-files,FEED,,17974722384133121,,2026-09-12T09:13:00+05:30,2026-09-12T17:02:41+00:00,2026-09-12T22:32:41+05:30,22:32,800,135.4,missing,,,,,,,,,,,,,,,,"IGApiException code=100 subcode=33: Unsupported get request. Object with ID '17974722384133121' does not exist, cannot be loaded due to missing permissions, or does not support this operation",
2026-09-18T08:24:27Z,hype_tingles,2026-09-12-savings-account-judged,reel-hold-and-judge,hold-and-judge,REELS,,17927614344406936,,2026-09-12T18:46:00+05:30,2026-09-12T17:03:14+00:00,2026-09-12T22:33:14+05:30,22:33,227,135.4,missing,,,,,,,,,,,,,,,,"IGApiException code=100 subcode=33: Unsupported get request. Object with ID '17927614344406936' does not exist, cannot be loaded due to missing permissions, or does not support this operation",
2026-09-18T08:24:27Z,hype_tingles,2026-09-12-silent-treatment-masterclass,carousel-solo-panel,solo-panel,FEED,,18000937721989598,,2026-09-12T22:52:00+05:30,2026-09-12T17:33:23+00:00,2026-09-12T23:03:23+05:30,23:03,11,134.9,missing,,,,,,,,,,,,,,,,"IGApiException code=100 subcode=33: Unsupported get request. Object with ID '18000937721989598' does not exist, cannot be loaded due to missing permissions, or does not support this operation",
2026-09-18T08:24:27Z,nuvarel,2026-08-30-palette-study-01,palette-study,palette-study,FEED,CAROUSEL_ALBUM,18630565291009914,https://www.instagram.com/p/Dcq65dwm_nM/,2026-08-30T10:00:00+05:30,2026-08-30T16:16:41+00:00,2026-08-30T21:46:41+05:30,21:46,707,448.1,ok,3,7,0,0,0,0,0,0.0,0,0,,,,0,0,,
2026-09-18T08:24:27Z,nuvarel,2026-08-30-reads-cheap-01,reads-expensive,reads-expensive,FEED,CAROUSEL_ALBUM,18336867457284119,https://www.instagram.com/p/Dcq6-x5G3eF/,2026-08-30T13:30:00+05:30,2026-08-30T16:17:23+00:00,2026-08-30T21:47:23+05:30,21:47,497,448.1,ok,2,6,2,0,0,0,2,1.0,2,0,,,,0,0,,
2026-09-18T08:24:27Z,nuvarel,2026-08-30-splurge-skip-01,splurge-skip,splurge-skip,FEED,CAROUSEL_ALBUM,17979601490899911,https://www.instagram.com/p/Dcq7I9fiNDF/,2026-08-30T19:30:00+05:30,2026-08-30T16:18:58+00:00,2026-08-30T21:48:58+05:30,21:48,139,448.1,ok,3,9,0,0,0,0,0,0.0,0,0,,,,0,0,,
2026-09-18T08:24:27Z,nuvarel,2026-08-31-negative-space-01,reel-the-rule,the-rule,REELS,VIDEO,17993883450030823,https://www.instagram.com/reel/Dcse1UUlHk9/,2026-08-31T10:30:00+05:30,2026-08-31T06:50:11+00:00,2026-08-31T12:20:11+05:30,12:20,110,433.6,ok,105,106,1,0,0,0,1,0.0095,1,0,2170,234441,87.4,,,,
2026-09-18T08:24:27Z,nuvarel,2026-09-01-art-height,reel-the-rule,the-rule,REELS,VIDEO,18120088015692443,https://www.instagram.com/reel/DcwGJgClaQe/,2026-09-01T19:30:00+05:30,2026-09-01T16:31:30+00:00,2026-09-01T22:01:30+05:30,22:01,152,399.9,ok,108,123,1,0,1,0,2,0.0185,1,0,5362,622084,68.8,,,,
2026-09-18T08:24:27Z,nuvarel,2026-09-01-dining-splurge-skip,splurge-skip,splurge-skip,FEED,CAROUSEL_ALBUM,17964382695175551,https://www.instagram.com/p/DcwGQkqHL2I/,2026-09-01T13:30:00+05:30,2026-09-01T16:32:10+00:00,2026-09-01T22:02:10+05:30,22:02,512,399.9,ok,2,3,0,0,0,0,0,0.0,0,0,,,,0,0,,
2026-09-18T08:24:27Z,nuvarel,2026-09-01-study-green-palette,palette-study,palette-study,FEED,CAROUSEL_ALBUM,18113283106797919,https://www.instagram.com/p/DcwGVtdnOE5/,2026-09-01T10:00:00+05:30,2026-09-01T16:32:48+00:00,2026-09-01T22:02:48+05:30,22:02,723,399.9,ok,2,2,1,0,0,0,1,0.5,1,0,,,,0,0,,
2026-09-18T08:24:27Z,nuvarel,2026-09-02-rich-rooms-buy-two,reel-splurge-skip,splurge-skip,REELS,VIDEO,18100518428365153,https://www.instagram.com/reel/DcyzhbvIF9H/,2026-09-02T19:30:00+05:30,2026-09-02T17:46:27+00:00,2026-09-02T23:16:27+05:30,23:16,226,374.6,ok,10,13,0,0,0,0,0,0.0,0,0,10498,157484,54.5,,,,
2026-09-18T08:24:27Z,nuvarel,2026-09-03-one-big-thing,reel-the-rule,the-rule,REELS,VIDEO,18228925645322931,https://www.instagram.com/reel/Dc1XxHrAhIA/,2026-09-03T19:30:00+05:30,2026-09-03T17:41:43+00:00,2026-09-03T23:11:43+05:30,23:11,222,350.7,ok,15,25,0,0,0,0,0,0.0,0,0,11405,216710,56.3,,,,
2026-09-18T08:24:27Z,nuvarel,2026-09-02-black-anchor-rule,the-rule,the-rule,FEED,CAROUSEL_ALBUM,17904806397326144,https://www.instagram.com/p/Dc1s2ISHcsA/,2026-09-02T10:00:00+05:30,2026-09-03T20:45:30+00:00,2026-09-04T02:15:30+05:30,02:15,2416,347.6,ok,4,15,1,1,0,0,2,0.5,1,1,,,,0,0,,
2026-09-18T08:24:27Z,nuvarel,2026-09-02-hardware-reads-expensive,reads-expensive,reads-expensive,FEED,CAROUSEL_ALBUM,18007256024973329,https://www.instagram.com/p/Dc1s6ZtHYpT/,2026-09-02T13:30:00+05:30,2026-09-03T20:46:16+00:00,2026-09-04T02:16:16+05:30,02:16,2206,347.6,ok,4,6,3,2,0,0,5,1.25,3,2,,,,0,0,,
2026-09-18T08:24:27Z,nuvarel,2026-09-03-sofa-splurge-skip,splurge-skip,splurge-skip,FEED,CAROUSEL_ALBUM,18474748444117475,https://www.instagram.com/p/Dc1s_pKnaas/,2026-09-03T13:30:00+05:30,2026-09-03T20:46:48+00:00,2026-09-04T02:16:48+05:30,02:16,767,347.6,ok,4,12,1,1,0,0,2,0.5,1,1,,,,0,0,,
2026-09-18T08:24:27Z,nuvarel,2026-09-04-palette-study-02,palette-study,palette-study,FEED,CAROUSEL_ALBUM,18108071102154422,https://www.instagram.com/p/Dc1tEi6nS9q/,2026-09-03T10:00:00+05:30,2026-09-03T20:47:28+00:00,2026-09-04T02:17:28+05:30,02:17,977,347.6,ok,3,13,1,0,0,0,1,0.3333,1,0,,,,0,0,,
2026-09-18T08:24:27Z,nuvarel,2026-09-03-hotel-bed-rule,the-rule,the-rule,FEED,CAROUSEL_ALBUM,18029563742849884,https://www.instagram.com/p/Dc5NMiskZtD/,2026-09-05T10:00:00+05:30,2026-09-05T05:25:57+00:00,2026-09-05T10:55:57+05:30,10:55,56,315.0,ok,3,10,2,1,0,0,3,1.0,2,1,,,,0,0,,
2026-09-18T08:24:27Z,nuvarel,2026-09-04-bathroom-splurge-skip,reel-splurge-skip,splurge-skip,REELS,VIDEO,18076965491352273,https://www.instagram.com/reel/Dc5NOcPgsJH/,2026-09-04T19:30:00+05:30,2026-09-05T05:26:31+00:00,2026-09-05T10:56:31+05:30,10:56,927,315.0,ok,110,118,1,0,1,0,2,0.0182,1,0,5569,651616,66.4,,,,
2026-09-18T08:24:27Z,nuvarel,2026-09-04-cables-read-cheap,reel-reads-expensive,reads-expensive,REELS,VIDEO,17943763044335818,https://www.instagram.com/reel/Dc5NSdQksbA/,2026-09-04T16:30:00+05:30,2026-09-05T05:27:01+00:00,2026-09-05T10:57:01+05:30,10:57,1107,315.0,ok,1094,1203,8,0,0,5,13,0.0119,8,0,9287,10198002,38.3,,,,
2026-09-18T08:24:27Z,nuvarel,2026-09-04-texture-reads-expensive,reads-expensive,reads-expensive,FEED,CAROUSEL_ALBUM,17909849823289958,https://www.instagram.com/p/Dc8HMaoFQR8/,2026-09-06T10:00:00+05:30,2026-09-06T08:31:11+00:00,2026-09-06T14:01:11+05:30,14:01,241,287.9,ok,3,7,0,0,0,0,0,0.0,0,0,,,,0,0,,
2026-09-18T08:24:27Z,nuvarel,2026-09-07-the-state-foam-seat-cushion,the-state,the-state,FEED,CAROUSEL_ALBUM,18081735581695166,https://www.instagram.com/p/Dc-wT-OFkwr/,2026-09-07T10:00:00+05:30,2026-09-07T09:08:55+00:00,2026-09-07T14:38:55+05:30,14:38,279,263.3,ok,2,5,0,0,0,0,0,0.0,0,0,,,,0,0,,
2026-09-18T08:24:27Z,nuvarel,2026-09-07-which-leather-is-real,reel-game,game,REELS,,18113469884101215,,2026-09-07T19:30:00+05:30,2026-09-09T20:02:22+00:00,2026-09-10T01:32:22+05:30,01:32,3242,204.4,missing,,,,,,,,,,,,,,,,"IGApiException code=100 subcode=33: Unsupported get request. Object with ID '18113469884101215' does not exist, cannot be loaded due to missing permissions, or does not support this operation",
2026-09-18T08:24:27Z,nuvarel,2026-09-08-the-vein-over-the-edge,the-evidence,the-evidence,REELS,,17886326559469039,,2026-09-08T10:00:00+05:30,2026-09-09T20:02:57+00:00,2026-09-10T01:32:57+05:30,01:32,2373,204.4,missing,,,,,,,,,,,,,,,,"IGApiException code=100 subcode=33: Unsupported get request. Object with ID '17886326559469039' does not exist, cannot be loaded due to missing permissions, or does not support this operation",
2026-09-18T08:24:27Z,nuvarel,2026-09-08-turn-it-over,reel-reveal,reveal,REELS,,18114397982076137,,2026-09-08T19:30:00+05:30,2026-09-09T20:03:32+00:00,2026-09-10T01:33:32+05:30,01:33,1804,204.3,missing,,,,,,,,,,,,,,,,"IGApiException code=100 subcode=33: Unsupported get request. Object with ID '18114397982076137' does not exist, cannot be loaded due to missing permissions, or does not support this operation",
2026-09-18T08:24:27Z,nuvarel,2026-09-12-the-corner-gives-it-away,the-evidence,the-evidence,REELS,,18026005265913428,,2026-09-12T15:32:00+05:30,2026-09-12T17:38:09+00:00,2026-09-12T23:08:09+05:30,23:08,456,134.8,missing,,,,,,,,,,,,,,,,"IGApiException code=100 subcode=33: Unsupported get request. Object with ID '18026005265913428' does not exist, cannot be loaded due to missing permissions, or does not support this operation",
2026-09-18T08:24:27Z,nuvarel,2026-09-12-catch-the-sheen,reel-reveal,reveal,REELS,VIDEO,18088703258400416,https://www.instagram.com/reel/DdMsWs2iBvw/,2026-09-12T20:13:00+05:30,2026-09-12T19:04:07+00:00,2026-09-13T00:34:07+05:30,00:34,261,133.3,ok,106,125,1,0,0,0,1,0.0094,1,0,5472,618424,59.8,,,,
2026-09-18T08:24:27Z,nuvarel,2026-09-12-crystal-or-glass,reel-game,game,REELS,VIDEO,17983699635116753,https://www.instagram.com/reel/DdMsa-jjM6p/,2026-09-12T11:12:00+05:30,2026-09-12T19:04:31+00:00,2026-09-13T00:34:31+05:30,00:34,803,133.3,ok,104,115,1,0,0,0,1,0.0096,1,0,5133,595461,63.2,,,,
2026-09-18T08:24:27Z,nuvarel,2026-09-13-the-press-test,reel-satisfying,satisfying,REELS,VIDEO,17882002482622529,https://www.instagram.com/reel/DdO7iApkVPN/,2026-09-13T20:52:00+05:30,2026-09-13T15:55:12+00:00,2026-09-13T21:25:12+05:30,21:25,33,112.5,ok,135,152,2,0,0,1,3,0.0222,2,0,7176,1040595,46,,,,
2026-09-18T08:24:27Z,nuvarel,2026-09-14-door-swing-test,the-rule,the-rule,FEED,CAROUSEL_ALBUM,18203919082335955,https://www.instagram.com/p/DdSIfakGyDc/,2026-09-14T19:14:00+05:30,2026-09-14T21:45:47+00:00,2026-09-15T03:15:47+05:30,03:15,482,82.6,ok,3,6,0,0,0,0,0,0.0,0,0,,,,0,0,,
2026-09-18T08:24:27Z,nuvarel,2026-09-14-nightstand-scale,reel-the-rule,the-rule,REELS,VIDEO,18564538054072004,https://www.instagram.com/reel/DdSIgkxEXmy/,2026-09-14T11:17:00+05:30,2026-09-14T21:46:16+00:00,2026-09-15T03:16:16+05:30,03:16,959,82.6,ok,1053,1663,2,0,1,1,4,0.0038,2,0,8225,8875335,35.3,,,,
2026-09-18T08:24:27Z,nuvarel,2026-09-14-round-table-flow,reel-the-rule,the-rule,REELS,VIDEO,18014889131743219,https://www.instagram.com/reel/DdSIkLlDL7z/,2026-09-14T15:19:00+05:30,2026-09-14T21:46:39+00:00,2026-09-15T03:16:39+05:30,03:16,718,82.6,ok,198,246,1,0,1,0,2,0.0101,1,0,5453,1068893,45.5,,,,
